$ARF$;;3
$LOG$;;145
$MOD$;;40
$SET$;;24
ACONT;77;1
ACONT;3;4
AEDUM;;1
AEWFL;;39
AGEAK;77;1
APOS;67;46
APOS ;94;6002
APOS ;37;13
APOS ;3;253664
APOS ;10;226
APOS ;;57
APOS ;75;16367
APOS ;79;3522
APOS ;77;36945
APOS ;92;14038
APOS ;70;3007
APOS ;86;23006
APOS ;96;3468
APOS ;73;1860
APOS ;91;59509
APOS ;78;22176
APOS ;93;13012
APOS ;98;244
APOS ;89;14703
APOS ;82;16250
APOS ;84;82
APOS ;68;13678
APOS ;95;3890
APOS ;71;1417
APOS ;19;57
APOS ;76;3367
APOS ;33;551
APOS ;90;26918
APOS ;31;224
APOS ;35;9251
APOS ;81;7600
ATCSN;;702
DAAAI;3;9
DAAAI;35;22
DAAAN;96;1992
DAAAN;90;4711
DAAAN;93;240
DAAAN;3;6116
DAAAN;35;1
DAAAN;95;107
DAAAN;79;1111
DAAAN;86;1051
DAAAN;70;277
DAAAN;92;321
DAAAN;81;683
DAAAN;89;3529
DAAAN;75;4265
DAAAN;82;1040
DAAAN;71;26
DAAAN;91;1
DAAAN;76;2494
DAAAN;73;3
DAAAN;94;3
DAAAN;78;3891
DAAAN;77;6222
DAAB ;86;6833
DAAB ;71;563
DAAB ;77;7595
DAAB ;78;6691
DAAB ;70;808
DAAB ;89;2954
DAAB ;76;962
DAAB ;81;2376
DAAB ;68;241
DAAB ;91;3720
DAAB ;3;54651
DAAB ;73;62
DAAB ;75;3915
DAAB ;92;4978
DAAB ;93;3748
DAAB ;94;1390
DAAB ;95;901
DAAB ;82;2285
DAAB ;90;3781
DAAB ;79;43
DAAB ;96;254
DAACA;90;8
DAACA;75;313
DAACA;78;182
DAACA;77;3719
DAACA;68;22
DAACA;71;37
DAACA;94;44
DAACA;92;26
DAACA;89;61
DAACA;98;1
DAACA;91;85
DAACA;73;6
DAACA;35;9171
DAACA;86;72
DAACA;82;37
DAACA;3;24145
DAACA;95;70
DAACA;79;151
DAACA;93;147
DAACA;76;1898
DAACA;70;26
DAACA;81;766
DAACA;96;7
DAACF;95;10
DAACF;75;5
DAACF;86;2
DAACF;76;7
DAACF;78;3
DAACF;35;2
DAACF;79;1
DAACF;82;5937
DAACF;93;1
DAACF;3;154
DAACI;94;4
DAACI;76;81
DAACI;82;2327
DAACI;77;119
DAACI;35;1352
DAACI;70;3
DAACI;95;261
DAACI;79;10
DAACI;78;5
DAACI;3;761
DAACO;70;3
DAACO;3;860
DAACO;82;52
DAACS;35;905
DAADA;75;5260
DAADA;70;1628
DAADA;90;1389
DAADA;73;562
DAADA;92;75
DAADA;93;105
DAADA;77;1872
DAADA;86;1863
DAADA;94;575
DAADA;89;1230
DAADA;95;646
DAADA;78;663
DAADA;3;60012
DAADA;81;448
DAADA;91;621
DAADA;76;6484
DAADA;82;134
DAADD;3;2
DAADG;81;123
DAADG;77;1421
DAADG;90;67
DAADG;82;5851
DAADG;70;27
DAADG;78;77
DAADG;86;65
DAADG;89;95
DAADG;3;41663
DAAFO;70;11
DAAFO;3;2473
DAAFR;3;1841
DAAFR;82;3360
DAAID;16;34
DAAID;57;146
DAAID;73;3555
DAAID;84;2738
DAAID;15;81
DAAID;67;92
DAAID;90;22621
DAAID;3;214653
DAAID;23;13
DAAID;75;34520
DAAID;96;3930
DAAID;77;40650
DAAID;79;3417
DAAID;91;67842
DAAID;95;4718
DAAID;92;15385
DAAID;10;784
DAAID;89;23003
DAAID;68;17009
DAAID;19;429
DAAID;28;116
DAAID;21;56
DAAID;70;3727
DAAID;56;57
DAAID;93;16977
DAAID;71;1844
DAAID;86;42302
DAAID;82;23822
DAAID;81;8707
DAAID;8;71
DAAID;94;9241
DAAID;35;9441
DAAID;98;1150
DAAID;33;1811
DAAIK;73;14
DAAIK;33;288
DAAIK;57;36
DAAIK;98;12
DAAIK;94;38
DAAIK;8;24
DAAIK;68;35
DAAIK;75;904
DAAIK;96;28
DAAIK;91;540
DAAIK;84;172
DAAIK;28;12
DAAIK;89;53
DAAIK;31;37
DAAIK;35;1902
DAAIK;15;40
DAAIK;10;98
DAAIK;92;6063
DAAIK;71;7
DAAIK;82;18979
DAAIK;3;256291
DAAIK;90;6334
DAAIK;93;6135
DAAIK;86;54
DAAIK;95;36
DAAIK;78;12513
DAAIK;77;47081
DAAIK;79;12
DAAIK;70;2840
DAAIK;19;52
DAAIN;77;92
DAAIN;79;597
DAAIN;92;87
DAAIN;91;1069
DAAIN;82;2505
DAAIN;93;747
DAAIN;90;3097
DAAIN;3;26544
DAAIN;89;8
DAAIN;94;175
DAAIN;78;3
DAAIN;81;531
DAAIN;70;533
DAAIN;86;719
DAAIO;76;2662
DAAIO;75;2
DAAIO;78;1
DAAIO;90;103
DAAIO;35;1
DAAIO;81;1
DAAIO;3;3
DAALL;35;99
DAALL;3;210
DAALL;82;7
DAALL;78;2
DAALL;81;1
DAALL;77;3
DAALL;70;74
DAAOD;93;5685
DAAOD;35;1
DAAOD;77;4244
DAAOD;68;1
DAAOD;76;1178
DAAOD;75;1470
DAAOD;3;4893
DAAOD;91;6
DAAOD;78;4
DAAOD;95;6
DAAOD;94;383
DAAOD;79;9
DAAOD;82;150
DAATO;70;1848
DAATO;86;630
DAATO;90;2
DAATO;35;6828
DAATO;3;76201
DAATO;89;3035
DAATO;68;4465
DAATO;76;22
DAATO;75;112
DAATO;93;4910
DAATO;81;2555
DAATO;78;14372
DAATO;77;13168
DAATO;94;136
DAATO;79;387
DAATO;92;3985
DAATO;91;15491
DAATO;73;1
DAATO;82;5229
DAAVI;75;12809
DABCA;82;7390
DABCA;76;1
DABCA;91;189
DABCA;95;4
DABCA;96;2
DABCA;70;1096
DABCA;68;31
DABCA;78;470
DABCA;3;71976
DABCA;86;2
DABCA;93;2363
DABCA;77;84
DABCA;81;675
DABCA;75;530
DABCA;35;66
DABCU;82;9542
DABCU;70;2262
DABCU;86;1946
DABCU;94;891
DABCU;95;4
DABCU;75;1268
DABCU;81;2688
DABCU;93;916
DABCU;76;583
DABCU;68;538
DABCU;90;4444
DABCU;3;74506
DABCU;91;3688
DABCU;89;6
DABCU;96;1
DABCU;77;7439
DABCU;78;3055
DABCU;92;2834
DABDT;81;1
DABDT;86;74
DABDT;78;3
DABDT;3;865
DACON;3;4
DACON;77;1
DADGI;;3114
DADUY;77;7
DADUY;91;3
DADUY;3;105856
DADUY;82;5289
DADUY;78;3
DADUY;81;1
DADUY;79;1
DADUY;70;3338
DADUY;86;1
DADUY;68;132
DADUY;35;1970
DAEBC;68;17
DAEBC;94;2
DAEBC;35;3
DAEBC;3;139493
DAEBC;76;29
DAEBC;82;15538
DAEBC;78;4
DAEBC;79;6
DAEBC;95;149
DAEBC;81;9
DAEBC;75;1
DAEBC;73;2
DAEBC;70;3343
DAEBC;77;150
DAEBC;86;146
DAEBC;91;3
DAECC;76;1
DAECC;35;10
DAECC;93;2
DAECC;75;2
DAECC;82;9
DAECC;3;1863
DAECC;81;8
DAECE;3;20553
DAECE;82;1
DAECE;75;1
DAECI;76;461
DAECI;3;20
DAECI;95;2
DAECI;86;28
DAECI;79;1
DAECI;81;1
DAECR;3;355
DAECR;78;1
DAECR;75;3
DAECR;35;18
DAECR;76;1
DAECR;70;8
DAECR;81;3
DAEDG;86;3
DAEDG;68;1
DAEDG;77;46
DAEDG;82;7
DAEDG;95;41
DAEDG;81;4
DAEDG;78;9
DAEDG;76;29
DAEDG;3;2238
DAEDG;70;6
DAEIC;82;11
DAEIC;86;6
DAEIC;91;1
DAEIC;95;3
DAEIC;70;221
DAEIC;3;20
DAELA;95;44
DAELA;3;7
DAELA;81;1
DAELA;77;1
DAELA;76;12
DAELE;3;14
DAELE;78;1
DAELI;3;17
DAELI;95;2
DAENC;3;78
DAENC;95;1
DAEOA;68;2
DAEOA;3;24571
DAEOA;75;4
DAEOA;82;7
DAEPL;78;3
DAEPL;35;1
DAEPL;82;2230
DAEPL;86;1
DAEPL;95;15
DAEPL;3;543
DAEPL;93;1
DAEWC;82;1231
DAEWC;3;23517
DAEWC;92;1
DAEWC;78;1
DAEWC;93;1
DAEWC;96;2
DAEWC;81;80
DAEWC;91;3
DAEWC;77;134
DAEWC;70;470
DAEWC;76;84
DAEWC;86;26
DAEWC;95;158
DAFWR;3;16
DAFWR;78;1
DAIGB;86;9
DAIGB;78;80
DAIGB;90;1
DAIGB;79;5
DAIGB;81;20
DAIGB;77;316
DAIGB;82;123
DAIGB;3;3729
DAIGB;71;1
DAIGB;89;4
DAIGB;75;23
DAIGB;96;36
DAIGB;70;195
DAIGB;91;20
DAIGB;93;3
DAIGB;92;201
DAIGB;95;133
DAIMA;3;65983
DAIMA;81;3
DAIMA;82;2118
DAIMA;78;1
DAIWB;91;460
DAIWB;76;372
DAIWB;86;409
DAIWB;82;1
DAIWB;35;7624
DAIWB;73;1
DAIWB;93;7
DAIWB;71;1
DAIWB;77;2656
DAIWB;75;438
DAIWB;78;1930
DAIWB;90;98
DAIWB;95;1
DAKBD;82;1150
DAKBD;75;2
DAKBD;91;1
DAKBD;95;86
DAKBD;79;3
DAKBD;77;2
DAKBD;3;66105
DAKBD;76;30
DAKBD;70;879
DAKBD;86;105
DAKBD;81;144
DAKBD;78;2
DAKBR;82;6879
DAKBR;89;2
DAKBR;91;305
DAKBR;79;2
DAKBR;77;153
DAKBR;94;1
DAKBR;75;3
DAKBR;81;112
DAKBR;76;39
DAKBR;3;118293
DAKBR;70;1720
DAKBR;78;10
DAKBR;95;672
DAKBR;68;375
DAKBR;93;5
DAKBR;86;117
DAKBT;3;8157
DAKBT;78;2
DAKBT;76;1
DAKBT;86;30
DAKSO;94;1
DAKSO;89;2
DAKSO;81;67
DAKSO;70;2298
DAKSO;82;6363
DAKSO;90;2
DAKSO;95;178
DAKSO;77;189
DAKSO;71;1
DAKSO;78;4
DAKSO;93;1
DAKSO;3;269885
DAKSO;92;617
DAKSO;76;30
DAKSO;86;92
DALWB;75;9
DALWB;35;6414
DALWB;91;3
DALWB;95;88
DALWB;78;11
DALWB;76;57
DALWB;93;3
DALWB;90;2
DALWB;77;1342
DAMAN;78;976
DAMAN;91;244
DAMAN;35;1877
DAMAN;75;174
DAMAN;93;1
DAMAN;71;1
DAMAN;76;47
DAMAN;77;1309
DAMAN;90;5
DAMAN;86;407
DAMPR;3;1061452
DAMPR;77;88838
DAMPR;79;8627
DAMPR;96;10
DAMPR;93;8560
DAMPR;81;113174
DAMPR;91;32876
DAMPR;94;7418
DAMPR;73;7
DAMPR;89;577
DAMPR;68;19029
DAMPR;75;105883
DAMPR;78;241668
DAMPR;37;16
DAMPR;71;1313
DAMPR;90;76695
DAMPR;86;25513
DAMPR;92;58893
DAMPR;82;54220
DAMPR;76;99
DAMPR;70;39766
DAMPR;95;6756
DAMPR;35;7225
DASDO;;50
DASIU;84;34
DASIU;90;15
DASIU;3;8705
DASIU;75;2731
DASIU;82;60
DASIU;79;21
DASIU;77;606
DASIU;93;11
DASIU;35;991
DASSF;20;24
DASSF;28;184
DASSF;10;2848
DASSF;1;25
DASSF;31;494
DASSF;57;267
DASSF;3;17109
DASSF;33;2367
DASSF;21;392
DASSF;6;41
DASSF;84;169
DASSF;82;2355
DASSF;23;116
DASSF;70;1398
DASSF;22;25
DASSF;35;1725
DASSF;16;210
DASSF;56;162
DASSF;8;190
DASSF;19;252
DASSF;15;1404
DASSF;81;1011
DASSF;11;24
DASSF;18;42
DASSP;3;24503
DASSP;70;2881
DASSP;33;4662
DASSP;35;3426
DASSP;84;301
DASSP;81;10010
DASSP;31;1811
DASSP;19;70
DASSP;82;5272
DASSP;10;1046
DATCS;;4756
DATFA;3;166
DATFA;70;5930
DATFU;70;192
DATFU;3;35
DEDUP;78;163
DEDUP;;3470
DEGWF;3;9
DEGWF;82;4
DERXM;78;13965
DEWFA;3;2
DEWFA;;4
DEWFL;77;4286
DEWFL;78;1175
DEWFL;3;27457
DEWFL;35;5
DEWFL;70;391
DEWFL;81;6
DEWFL;82;5969
